-- ==============================================================================
-- PROJECT: Remittance Platform
-- SCRIPT: 02_mock_data_inserts.sql
-- PURPOSE: Populate core tables with realistic sample data for UAT and testing.
-- ==============================================================================

-- Insert sample users (Senders and Recipients)
INSERT INTO Users (UserID, FirstName, LastName, CountryCode, PhoneNumber, CreatedAt) VALUES
('550e8400-e29b-41d4-a716-446655440001', 'Thabo', 'Mokoena', 'ZA', '+27821234567', CURRENT_TIMESTAMP),
('550e8400-e29b-41d4-a716-446655440002', 'Amara', 'Okafor', 'NG', '+2348012345678', CURRENT_TIMESTAMP),
('550e8400-e29b-41d4-a716-446655440003', 'James', 'Smith', 'UK', '+441632960000', CURRENT_TIMESTAMP),
('550e8400-e29b-41d4-a716-446655440004', 'Maria', 'Santos', 'BR', '+551198765432', CURRENT_TIMESTAMP),
('550e8400-e29b-41d4-a716-446655440005', 'Hassan', 'Ibrahim', 'KE', '+254712345678', CURRENT_TIMESTAMP),
('550e8400-e29b-41d4-a716-446655440006', 'Li', 'Wang', 'CN', '+861012345678', CURRENT_TIMESTAMP);

-- Insert KYC records
INSERT INTO KYC_Records (RecordID, UserID, RiskScore, VerificationStatus, DocumentType, ReviewedBy, UpdatedAt) VALUES
('650e8400-e29b-41d4-a716-446655440001', '550e8400-e29b-41d4-a716-446655440001', 35, 'APPROVED', 'NATIONAL_ID', 'AUTO_APPROVED', CURRENT_TIMESTAMP),
('650e8400-e29b-41d4-a716-446655440002', '550e8400-e29b-41d4-a716-446655440002', 65, 'APPROVED', 'PASSPORT', 'john_compliance', CURRENT_TIMESTAMP),
('650e8400-e29b-41d4-a716-446655440003', '550e8400-e29b-41d4-a716-446655440003', 15, 'APPROVED', 'PASSPORT', 'AUTO_APPROVED', CURRENT_TIMESTAMP),
('650e8400-e29b-41d4-a716-446655440004', '550e8400-e29b-41d4-a716-446655440004', 80, 'PENDING', 'PASSPORT', NULL, CURRENT_TIMESTAMP),
('650e8400-e29b-41d4-a716-446655440005', '550e8400-e29b-41d4-a716-446655440005', 42, 'APPROVED', 'NATIONAL_ID', 'AUTO_APPROVED', CURRENT_TIMESTAMP),
('650e8400-e29b-41d4-a716-446655440006', '550e8400-e29b-41d4-a716-446655440006', 28, 'APPROVED', 'PASSPORT', 'AUTO_APPROVED', CURRENT_TIMESTAMP);

-- Insert sample transactions
INSERT INTO Transactions (TransactionID, SenderID, RecipientID, Amount, CurrencyCode, ExchangeRate, FeeAmount, CurrentStatus, ComplianceFlag, CreatedAt, UpdatedAt) VALUES
('750e8400-e29b-41d4-a716-446655440001', '550e8400-e29b-41d4-a716-446655440001', '550e8400-e29b-41d4-a716-446655440002', 5000.00, 'ZAR', 0.0545, 150.00, 'SETTLED', FALSE, '2026-06-28 08:15:30', '2026-06-28 14:20:45'),
('750e8400-e29b-41d4-a716-446655440002', '550e8400-e29b-41d4-a716-446655440003', '550e8400-e29b-41d4-a716-446655440005', 850.00, 'GBP', 103.50, 45.00, 'SETTLED', FALSE, '2026-06-29 10:45:00', '2026-06-29 16:30:15'),
('750e8400-e29b-41d4-a716-446655440003', '550e8400-e29b-41d4-a716-446655440004', '550e8400-e29b-41d4-a716-446655440001', 2500.00, 'BRL', 0.1850, 120.00, 'PROCESSING', FALSE, '2026-06-30 14:22:10', '2026-07-01 09:00:00'),
('750e8400-e29b-41d4-a716-446655440004', '550e8400-e29b-41d4-a716-446655440002', '550e8400-e29b-41d4-a716-446655440006', 1200.00, 'NGN', 0.0063, 75.00, 'KYC_HOLD', TRUE, '2026-07-01 11:30:45', '2026-07-01 11:35:20'),
('750e8400-e29b-41d4-a716-446655440005', '550e8400-e29b-41d4-a716-446655440005', '550e8400-e29b-41d4-a716-446655440003', 650.00, 'KES', 0.0077, 35.00, 'INITIATED', FALSE, '2026-07-02 07:10:00', '2026-07-02 07:10:00'),
('750e8400-e29b-41d4-a716-446655440006', '550e8400-e29b-41d4-a716-446655440006', '550e8400-e29b-41d4-a716-446655440004', 3200.00, 'CNY', 0.1380, 160.00, 'FAILED', TRUE, '2026-06-27 16:45:30', '2026-06-27 17:15:00');

-- Insert transaction event log entries
INSERT INTO Transaction_Events (EventID, TransactionID, EventStatus, EventDescription, TriggeredBy, EventTimestamp) VALUES
('850e8400-e29b-41d4-a716-446655440001', '750e8400-e29b-41d4-a716-446655440001', 'INITIATED', 'Transaction created by API endpoint', 'API', '2026-06-28 08:15:30'),
('850e8400-e29b-41d4-a716-446655440002', '750e8400-e29b-41d4-a716-446655440001', 'KYC_CLEARED', 'KYC verification passed automatically', 'SYSTEM', '2026-06-28 08:16:00'),
('850e8400-e29b-41d4-a716-446655440003', '750e8400-e29b-41d4-a716-446655440001', 'PROCESSING', 'Routed to settlement', 'SYSTEM', '2026-06-28 08:17:30'),
('850e8400-e29b-41d4-a716-446655440004', '750e8400-e29b-41d4-a716-446655440001', 'SETTLED', 'Successfully settled with partner bank', 'SYSTEM', '2026-06-28 14:20:45'),

('850e8400-e29b-41d4-a716-446655440005', '750e8400-e29b-41d4-a716-446655440002', 'INITIATED', 'Transaction created by API endpoint', 'API', '2026-06-29 10:45:00'),
('850e8400-e29b-41d4-a716-446655440006', '750e8400-e29b-41d4-a716-446655440002', 'KYC_CLEARED', 'KYC verification passed automatically', 'SYSTEM', '2026-06-29 10:45:45'),
('850e8400-e29b-41d4-a716-446655440007', '750e8400-e29b-41d4-a716-446655440002', 'PROCESSING', 'Routed to settlement', 'SYSTEM', '2026-06-29 10:47:00'),
('850e8400-e29b-41d4-a716-446655440008', '750e8400-e29b-41d4-a716-446655440002', 'SETTLED', 'Successfully settled with partner bank', 'SYSTEM', '2026-06-29 16:30:15'),

('850e8400-e29b-41d4-a716-446655440009', '750e8400-e29b-41d4-a716-446655440004', 'INITIATED', 'Transaction created by API endpoint', 'API', '2026-07-01 11:30:45'),
('850e8400-e29b-41d4-a716-446655440010', '750e8400-e29b-41d4-a716-446655440004', 'KYC_HOLD', 'High-risk sender flagged for manual review', 'SYSTEM', '2026-07-01 11:31:15'),
('850e8400-e29b-41d4-a716-446655440011', '750e8400-e29b-41d4-a716-446655440004', 'COMPLIANCE_REVIEW_PENDING', 'Awaiting compliance officer decision', 'SYSTEM', '2026-07-01 11:35:20');

-- Verify data was inserted successfully
SELECT 'Data Insertion Complete' AS Status;
SELECT COUNT(*) AS UserCount FROM Users;
SELECT COUNT(*) AS KYCCount FROM KYC_Records;
SELECT COUNT(*) AS TransactionCount FROM Transactions;
SELECT COUNT(*) AS EventCount FROM Transaction_Events;
